,molecular descriptor,SMILES,t-test score,p-value t-test,significant t-test,moods score,p-value mood,significant mood
0,Sim_inh0,CN(C)C1=CC=C(C=C1)C=O,10.11943605613161,1.6519950744272784e-23,True,65.76797735762375,5.072575784951877e-16,True
1,Sim_inh1,O=C1C=C2NCCC2=CC1=O,10.96441589592711,3.320248171137782e-27,True,106.20863279443554,6.6366904829317385e-25,True
2,Sim_inh2,CC1=CC2=C(C=C1)NC(=O)C2=O,9.187996442625337,9.726048663314352e-20,True,80.2595088309374,3.28328666301213e-19,True
3,Sim_inh3,C=CC(=O)C1=CC2=CC=CC=C2C=C1,-0.978563170090203,0.3279143331969194,False,2.659542004533115,0.10293036830270486,False
4,Sim_inh4,CC(C)CCN1C(=NC2=C1C(=O)N(C(=O)N2C)C)CN3CCN(CC3)C(=O)C4CC4,8.800215689128104,4.748917576890506e-18,True,84.87085907582689,3.1850290213591857e-20,True
